url,title,emails
https://www.3ds.com/products/enovia,Product Lifecycle Management PLM Software | ENOVIA - Dassault Systèmes,[]
https://www.3ds.com/products/enovia/resource-center,Resource Center | ENOVIA - Dassault Systèmes,[]
https://www.technia.us/software/enovia/,"
        ENOVIA | TECHNIA (US)    ",[]
https://recruiting.paylocity.com/recruiting/jobs/Details/2829995/GoEngineer-Inc/Enovia-PLM-Technical-Support-Engineer,"GoEngineer, Inc. - Enovia PLM Technical Support Engineer",[]
https://plm.lexmark.com/epss/,Lexmark ENOVIA PLM Help,[]
https://enterprise.trimech.com/enovia/,ENOVIA PLM Software on the 3DEXPERIENCE platform,[]
https://www.technia.com/blog/what-is-enovia/,"
        What is ENOVIA? | TECHNIA    ",[]
https://www.cenit.com/en_EN/solutions-services/software-solutions/enovia.html,ENOVIA: PLM software for trans-sectoral collaboration,['info@cenit.com']
https://hawkridgesys.com/enovia,ENOVIA - A Modular PLM Solution to Fit Your Business Needs,[]
https://www.linkedin.com/jobs/view/enovia-plm-technical-support-engineer-at-goengineer-4093036444,Unknown,[]
https://www.indeed.com/q-plm-enovia-support-jobs.html,Security Check - Indeed.com,[]
https://www.simplyhired.com/search?q=enovia+plm+support,Just a moment...,[]
https://seacadtech.com/blog/all-you-need-to-know-about-enovia-plm-software/?srsltid=AfmBOoqPFCXtqRc47PeyNSnxYTUP7MENK6-hCQmDrnEzPDxRiTRsVC_t,All You Need to Know About ENOVIA PLM Software,['sales@seacadtech.com']
https://www.ziprecruiter.com/Jobs/Enovia-Plm,Just a moment...,[]
https://www.linkedin.com/jobs/enovia-support-jobs,Unknown,[]
https://www.naukri.com/plm-enovia-support-jobs,Unknown,[]
https://www.solidsolutions.co.uk/products-services/enovia.aspx,ENOVIA - PLM collaborative platform for all industries,"['UK-Sales-Enterprise@trimech.com', 'UK-Support-Enterprise@trimech.com']"
https://in.indeed.com/Enovia-Plm-Support-jobs,Security Check - Indeed.com,[]
https://www.dau.edu/tools/dassault-systemes-enovia-product-life-cycle-management-plm,Error,[]
https://www.hireitpeople.com/resume-database/74-business-intelligence-business-object-resumes/150984-enovia-plm-technical-consultant-resume-wichita-kansas,"ENOVIA PLM Technical consultant Resume Wichita, Kansas -  Hire IT People - We get IT done",['support@hireitpeople.com']
https://windsor-ct.geebo.com/jobs-online/view/id/678247554-enovia-plm-l2-support-/,Enovia PLM L2 Support in Windsor Connecticut,['safety@geebo.com']
https://www.dice.com/jobs/q-enovia-jobs,enovia Jobs | Dice.com,[]
https://www.ecorptrainings.com/job-support-services/enovia-plm-job-support.php,Not Acceptable!,[]
https://www.builtinaustin.com/job/plm-support-engineer-3dexperience-engineering-technology-operations/150429,"PLM Support Engineer, 3DExperience, Engineering Technology & Operations - Tesla | Built In Austin",[]
https://www.remoterocketship.com/company/goengineer/jobs/enovia-plm-technical-support-engineer-united-states,Enovia PLM Technical Support Engineer at GoEngineer,['lior@remoterocketship.com']
"https://www.glassdoor.com/Job/us-plm-enovia-jobs-SRCH_IL.0,2_IN1_KO3,13.htm",Security | Glassdoor,[]
https://www.quora.com/What-is-an-enovia-plm-tool-Is-it-worth-taking-up-this-job-Does-it-have-good-future,What is an enovia plm tool? Is it worth taking up this job? Does it have good future? - Quora,"['jo@samaritans.org', '-4-ans_frontend-relay-lib-@nivo-bar-27-ec1386bdb7f47678.webpack']"
https://www.maxmunus.com/page/enovia-plm-job-support,Not Acceptable!,[]
https://plmcoach.com/enovia-training/,ENOVIA PLM Training - PLM Coach,"['flags@2x.png', 'globe@2x.png', 'intl-tel-input-flags@2x.png', 'intl-tel-input-globe@2x.png']"
https://brainwaveconsulting.co.in/products/enovia-3dx-developer-support/,Dassault Systèmes ENOVIA|Empowers Collaboration and Innovation,[]
